name,link,year,employees,avg,median
Fairfax County Public Schools,https://govsalaries.com/salaries/VA/fairfax-county-public-schools?year=2020,2020,27690,65616,65616
University of Virginia,https://govsalaries.com/salaries/VA/university-of-virginia?year=2020,2020,18506,76113,76113
Fairfax County,https://govsalaries.com/salaries/VA/fairfax-county?year=2020,2020,12548,76615,76615
Loudoun County Public Schools,https://govsalaries.com/salaries/VA/loudoun-county-public-schools?year=2020,2020,12474,62894,62894
Virginia Beach City Public Schools,https://govsalaries.com/salaries/VA/virginia-beach-city-public-schools?year=2020,2020,10318,46684,46684
Virginia Tech,https://govsalaries.com/salaries/VA/virginia-tech?year=2020,2020,8134,75105,75105
George Mason University,https://govsalaries.com/salaries/VA/george-mason-university?year=2020,2020,8105,55329,55329
Department of Alcoholic Beverage Control,https://govsalaries.com/salaries/VA/department-of-alcoholic-beverage-control?year=2020,2020,7421,14241,14241
Chesterfield County Public Schools,https://govsalaries.com/salaries/VA/chesterfield-county-public-schools?year=2020,2020,7179,46834,46834
City of Virginia Beach,https://govsalaries.com/salaries/VA/city-of-virginia-beach?year=2020,2020,6931,47991,47991
Henrico County Public Schools,https://govsalaries.com/salaries/VA/henrico-county-public-schools?year=2020,2020,6496,48226,48226
Prince William County,https://govsalaries.com/salaries/VA/prince-william-county?year=2020,2020,6328,58248,58248
Newport News Public Schools,https://govsalaries.com/salaries/VA/newport-news-public-schools?year=2020,2020,5950,34547,34547
Chesapeake Public Schools,https://govsalaries.com/salaries/VA/chesapeake-public-schools?year=2020,2020,5826,46762,46762
Norfolk Public Schools,https://govsalaries.com/salaries/VA/norfolk-public-schools?year=2020,2020,5796,37861,37861
City of Chesapeake,https://govsalaries.com/salaries/VA/city-of-chesapeake?year=2020,2020,4668,41114,41114
Stafford County Public Schools,https://govsalaries.com/salaries/VA/stafford-county-public-schools?year=2020,2020,4467,45015,45015
City of Norfolk,https://govsalaries.com/salaries/VA/city-of-norfolk?year=2020,2020,4421,51788,51788
Northern Virginia Community College,https://govsalaries.com/salaries/VA/northern-virginia-community-college?year=2020,2020,4332,36173,36173
Loudoun County,https://govsalaries.com/salaries/VA/loudoun-county?year=2020,2020,4317,76725,76725
City of Richmond,https://govsalaries.com/salaries/VA/city-of-richmond?year=2020,2020,4140,56410,56410
Radford University,https://govsalaries.com/salaries/VA/radford-university?year=2020,2020,3990,25313,25313
Chesterfield County,https://govsalaries.com/salaries/VA/chesterfield-county?year=2020,2020,3832,45066,45066
Virginia Department of Health,https://govsalaries.com/salaries/VA/virginia-department-of-health?year=2020,2020,3819,50328,50328
Alexandria City Public Schools,https://govsalaries.com/salaries/VA/alexandria-city-public-schools?year=2020,2020,3771,49437,49437
Albemarle County Public Schools,https://govsalaries.com/salaries/VA/albemarle-county-public-schools?year=2020,2020,3618,48170,48170
Albemarle County,https://govsalaries.com/salaries/VA/albemarle-county?year=2020,2020,3615,48214,48214
Henrico County,https://govsalaries.com/salaries/VA/henrico-county?year=2020,2020,3568,58423,58423
Richmond Public Schools,https://govsalaries.com/salaries/VA/richmond-public-schools?year=2020,2020,3501,49343,49343
Christopher Newport University,https://govsalaries.com/salaries/VA/christopher-newport-university?year=2020,2020,3305,20779,20779
William &amp; Mary College,https://govsalaries.com/salaries/VA/william-mary-college?year=2020,2020,3303,61367,61367
City of Alexandria,https://govsalaries.com/salaries/VA/city-of-alexandria?year=2020,2020,3188,62861,62861
James Madison University,https://govsalaries.com/salaries/VA/james-madison-university?year=2020,2020,3116,64480,64480
City of Newport News,https://govsalaries.com/salaries/VA/city-of-newport-news?year=2020,2020,3068,54703,54703
Virginia State Police,https://govsalaries.com/salaries/VA/virginia-state-police?year=2020,2020,3050,62407,62407
Spotsylvania County Public Schools,https://govsalaries.com/salaries/VA/spotsylvania-county-public-schools?year=2020,2020,2929,48117,48117
Department of Motor Vehicles,https://govsalaries.com/salaries/VA/department-of-motor-vehicles?year=2020,2020,2831,36117,36117
Old Dominion University,https://govsalaries.com/salaries/VA/old-dominion-university?year=2020,2020,2765,66243,66243
Martinsville City Public Schools,https://govsalaries.com/salaries/VA/martinsville-city-public-schools?year=2020,2020,2601,1186,1186
Augusta County Public Schools,https://govsalaries.com/salaries/VA/augusta-county-public-schools?year=2020,2020,2402,27182,27182
Department of Corrections,https://govsalaries.com/salaries/VA/department-of-corrections?year=2020,2020,2309,40009,40009
Norfolk State University,https://govsalaries.com/salaries/VA/norfolk-state-university?year=2020,2020,2250,28040,28040
Tidewater Community College,https://govsalaries.com/salaries/VA/tidewater-community-college?year=2020,2020,2208,29633,29633
Henry County,https://govsalaries.com/salaries/VA/henry-county?year=2020,2020,2191,32150,32150
Roanoke County Public Schools,https://govsalaries.com/salaries/VA/roanoke-county-public-schools?year=2020,2020,2125,41374,41374
Rockingham County Public Schools,https://govsalaries.com/salaries/VA/rockingham-county-public-schools?year=2020,2020,2024,39570,39570
Suffolk Public Schools,https://govsalaries.com/salaries/VA/suffolk-public-schools?year=2020,2020,2023,45669,45669
Warren County Public Schools,https://govsalaries.com/salaries/VA/warren-county-public-schools?year=2020,2020,1984,17341,17341
Fauquier County Public Schools,https://govsalaries.com/salaries/VA/fauquier-county-public-schools?year=2020,2020,1956,44007,44007
University of Mary Washington,https://govsalaries.com/salaries/VA/university-of-mary-washington?year=2020,2020,1939,25206,25206
York County School Division,https://govsalaries.com/salaries/VA/york-county-school-division?year=2020,2020,1887,45115,45115
Department of Social Services,https://govsalaries.com/salaries/VA/department-of-social-services?year=2020,2020,1878,56307,56307
City of Hampton,https://govsalaries.com/salaries/VA/city-of-hampton?year=2020,2020,1847,54383,54383
Longwood University,https://govsalaries.com/salaries/VA/longwood-university?year=2020,2020,1845,28222,28222
City of Roanoke,https://govsalaries.com/salaries/VA/city-of-roanoke?year=2020,2020,1811,47210,47210
Franklin County Public Schools,https://govsalaries.com/salaries/VA/franklin-county-public-schools?year=2020,2020,1809,29443,29443
Williamsburg-James City County Public Schools,https://govsalaries.com/salaries/VA/williamsburg-james-city-county-public-schools?year=2020,2020,1801,44292,44292
Virginia Department of Military Affairs,https://govsalaries.com/salaries/VA/virginia-department-of-military-affairs?year=2020,2020,1782,11377,11377
City of Suffolk,https://govsalaries.com/salaries/VA/city-of-suffolk?year=2020,2020,1780,47411,47411
City of Portsmouth,https://govsalaries.com/salaries/VA/city-of-portsmouth?year=2020,2020,1728,50114,50114
Washington County Public Schools,https://govsalaries.com/salaries/VA/washington-county-public-schools?year=2020,2020,1721,26785,26785
Department of Juvenile Justice,https://govsalaries.com/salaries/VA/department-of-juvenile-justice?year=2020,2020,1697,47197,47197
Eastern Virginia Medical School,https://govsalaries.com/salaries/VA/eastern-virginia-medical-school?year=2020,2020,1645,83654,83654
Virginia Department of Transportation,https://govsalaries.com/salaries/VA/virginia-department-of-transportation?year=2020,2020,1633,74618,74618
Montgomery County Public Schools,https://govsalaries.com/salaries/VA/montgomery-county-public-schools?year=2020,2020,1618,42673,42673
Campbell County Public Schools,https://govsalaries.com/salaries/VA/campbell-county-public-schools?year=2020,2020,1590,31010,31010
Lynchburg City Schools,https://govsalaries.com/salaries/VA/lynchburg-city-schools?year=2020,2020,1564,38574,38574
Virginia State University,https://govsalaries.com/salaries/VA/virginia-state-university?year=2020,2020,1554,30988,30988
City of Charlottesville,https://govsalaries.com/salaries/VA/city-of-charlottesville?year=2020,2020,1545,37892,37892
City of Lynchburg,https://govsalaries.com/salaries/VA/city-of-lynchburg?year=2020,2020,1538,45079,45079
Pittsylvania County Schools,https://govsalaries.com/salaries/VA/pittsylvania-county-schools?year=2020,2020,1503,34469,34469
Caroline County Public Schools,https://govsalaries.com/salaries/VA/caroline-county-public-schools?year=2020,2020,1480,17371,17371
Department of Conservation and Recreation,https://govsalaries.com/salaries/VA/department-of-conservation-and-recreation?year=2020,2020,1445,22124,22124
Manassas City Public Schools,https://govsalaries.com/salaries/VA/manassas-city-public-schools?year=2020,2020,1424,47438,47438
Virginia Employment Commission,https://govsalaries.com/salaries/VA/virginia-employment-commission?year=2020,2020,1319,35574,35574
Arlington County,https://govsalaries.com/salaries/VA/arlington-county?year=2020,2020,1274,105937,105937
Roanoke County,https://govsalaries.com/salaries/VA/roanoke-county?year=2020,2020,1170,48942,48942
Hanover County,https://govsalaries.com/salaries/VA/hanover-county?year=2020,2020,1149,55780,55780
J. Sargeant Reynolds Community College,https://govsalaries.com/salaries/VA/j-sargeant-reynolds-community-college?year=2020,2020,1143,25938,25938
James City County,https://govsalaries.com/salaries/VA/james-city-county?year=2020,2020,1134,36947,36947
Stafford County,https://govsalaries.com/salaries/VA/stafford-county?year=2020,2020,1111,66010,66010
Greensville Correctional Center,https://govsalaries.com/salaries/VA/greensville-correctional-center?year=2020,2020,1110,32832,32832
Spotsylvania County,https://govsalaries.com/salaries/VA/spotsylvania-county?year=2020,2020,1107,60526,60526
Central State Hospital,https://govsalaries.com/salaries/VA/central-state-hospital?year=2020,2020,1098,41779,41779
Botetourt County Public Schools,https://govsalaries.com/salaries/VA/botetourt-county-public-schools?year=2020,2020,1069,31629,31629
Northampton County Public Schools,https://govsalaries.com/salaries/VA/northampton-county-public-schools?year=2020,2020,1054,11068,11068
Shenandoah County Public Schools,https://govsalaries.com/salaries/VA/shenandoah-county-public-schools?year=2020,2020,1051,41202,41202
City of Harrisonburg,https://govsalaries.com/salaries/VA/city-of-harrisonburg?year=2020,2020,1006,37207,37207
Department For Aging and Rehabilitative Services,https://govsalaries.com/salaries/VA/department-for-aging-and-rehabilitative-services?year=2020,2020,998,50430,50430
Amherst County Public Schools,https://govsalaries.com/salaries/VA/amherst-county-public-schools?year=2020,2020,998,30029,30029
Eastern State Hospital,https://govsalaries.com/salaries/VA/eastern-state-hospital?year=2020,2020,985,42011,42011
John Tyler Community College,https://govsalaries.com/salaries/VA/john-tyler-community-college?year=2020,2020,984,24569,24569
Southeastern Cooperative Education Programs,https://govsalaries.com/salaries/VA/southeastern-cooperative-education-programs?year=2020,2020,960,32830,32830
Virginia Department of Transportation at Salem District,https://govsalaries.com/salaries/VA/virginia-department-of-transportation-at-salem-district?year=2020,2020,957,46507,46507
Harrisonburg City Public Schools,https://govsalaries.com/salaries/VA/harrisonburg-city-public-schools?year=2020,2020,952,46050,46050
Virginia Department of Transportation at Suffolk District,https://govsalaries.com/salaries/VA/virginia-department-of-transportation-at-suffolk-district?year=2020,2020,951,52686,52686
Hampton Roads Sanitation District Commission,https://govsalaries.com/salaries/VA/hampton-roads-sanitation-district-commission?year=2020,2020,945,64880,64880
Virginia Department of Transportation at Richmond District,https://govsalaries.com/salaries/VA/virginia-department-of-transportation-at-richmond-district?year=2020,2020,931,52013,52013
Western State Hospital,https://govsalaries.com/salaries/VA/western-state-hospital?year=2020,2020,928,42499,42499
Virginia Department of Taxation,https://govsalaries.com/salaries/VA/virginia-department-of-taxation?year=2020,2020,928,53270,53270
Prince George County Public Schools,https://govsalaries.com/salaries/VA/prince-george-county-public-schools?year=2020,2020,915,42982,42982
Isle of Wight County Schools,https://govsalaries.com/salaries/VA/isle-of-wight-county-schools?year=2020,2020,903,40066,40066
Orange County Public Schools,https://govsalaries.com/salaries/VA/orange-county-public-schools?year=2020,2020,885,35606,35606
Thomas Nelson Community College,https://govsalaries.com/salaries/VA/thomas-nelson-community-college?year=2020,2020,867,26946,26946
Virginia Department of Transportation at Northern Virginia District,https://govsalaries.com/salaries/VA/virginia-department-of-transportation-at-northern-virginia-district?year=2020,2020,866,71132,71132
King George County Schools,https://govsalaries.com/salaries/VA/king-george-county-schools?year=2020,2020,861,33989,33989
Franklin County,https://govsalaries.com/salaries/VA/franklin-county?year=2020,2020,858,23122,23122
Gloucester County Public Schools,https://govsalaries.com/salaries/VA/gloucester-county-public-schools?year=2020,2020,853,44019,44019
Powhatan County Public Schools,https://govsalaries.com/salaries/VA/powhatan-county-public-schools?year=2020,2020,853,34243,34243
Fauquier County,https://govsalaries.com/salaries/VA/fauquier-county?year=2020,2020,851,55620,55620
Virginia House of Delegates,https://govsalaries.com/salaries/VA/virginia-house-of-delegates?year=2020,2020,841,21899,21899
Virginia Division of Institutions,https://govsalaries.com/salaries/VA/virginia-division-of-institutions?year=2020,2020,839,40121,40121
Department of Environmental Quality,https://govsalaries.com/salaries/VA/department-of-environmental-quality?year=2020,2020,836,64718,64718
Bedford County,https://govsalaries.com/salaries/VA/bedford-county?year=2020,2020,832,32576,32576
State Farm Correctional Complex,https://govsalaries.com/salaries/VA/state-farm-correctional-complex?year=2020,2020,821,31620,31620
Winchester Public Schools,https://govsalaries.com/salaries/VA/winchester-public-schools?year=2020,2020,804,45302,45302
Grayson County Public Schools,https://govsalaries.com/salaries/VA/grayson-county-public-schools?year=2020,2020,801,14123,14123
City of Winchester,https://govsalaries.com/salaries/VA/city-of-winchester?year=2020,2020,801,39012,39012
Germanna Community College,https://govsalaries.com/salaries/VA/germanna-community-college?year=2020,2020,784,27667,27667
York County,https://govsalaries.com/salaries/VA/york-county?year=2020,2020,781,53688,53688
Scott County Public Schools,https://govsalaries.com/salaries/VA/scott-county-public-schools?year=2020,2020,778,39591,39591
Carroll County Public Schools,https://govsalaries.com/salaries/VA/carroll-county-public-schools?year=2020,2020,774,34162,34162
Virginia Western Community College,https://govsalaries.com/salaries/VA/virginia-western-community-college?year=2020,2020,769,25017,25017
Virginia Department of Transportation at Staunton District,https://govsalaries.com/salaries/VA/virginia-department-of-transportation-at-staunton-district?year=2020,2020,765,46655,46655
Lord Fairfax Community College,https://govsalaries.com/salaries/VA/lord-fairfax-community-college?year=2020,2020,751,25329,25329
City of Fairfax,https://govsalaries.com/salaries/VA/city-of-fairfax?year=2020,2020,745,47326,47326
City of Fredericksburg,https://govsalaries.com/salaries/VA/city-of-fredericksburg?year=2020,2020,732,44007,44007
Piedmont Virginia Community College,https://govsalaries.com/salaries/VA/piedmont-virginia-community-college?year=2020,2020,731,21766,21766
Bristol Virginia Public Schools,https://govsalaries.com/salaries/VA/bristol-virginia-public-schools?year=2020,2020,729,21449,21449
Virginia Center for Behavioral Rehabilitation,https://govsalaries.com/salaries/VA/virginia-center-for-behavioral-rehabilitation?year=2020,2020,715,31609,31609
Southwestern Virginia Mental Health Institute,https://govsalaries.com/salaries/VA/southwestern-virginia-mental-health-institute?year=2020,2020,712,38606,38606
State Corporation Commission,https://govsalaries.com/salaries/VA/state-corporation-commission?year=2020,2020,706,71865,71865
Frederick County,https://govsalaries.com/salaries/VA/frederick-county?year=2020,2020,706,57155,57155
Virginia Museum of Fine Arts,https://govsalaries.com/salaries/VA/virginia-museum-of-fine-arts?year=2020,2020,702,24454,24454
Virginia Department of Transportation at Bristol Office,https://govsalaries.com/salaries/VA/virginia-department-of-transportation-at-bristol-office?year=2020,2020,697,50564,50564
Wythe County Public Schools,https://govsalaries.com/salaries/VA/wythe-county-public-schools?year=2020,2020,692,38438,38438
Department of General Services,https://govsalaries.com/salaries/VA/department-of-general-services?year=2020,2020,688,56550,56550
Russell County Schools,https://govsalaries.com/salaries/VA/russell-county-schools?year=2020,2020,687,33802,33802
Department of Forestry,https://govsalaries.com/salaries/VA/department-of-forestry?year=2020,2020,682,18529,18529
Richmond County Public Schools,https://govsalaries.com/salaries/VA/richmond-county-public-schools?year=2020,2020,669,12507,12507
Department of Medical Assistance Services,https://govsalaries.com/salaries/VA/department-of-medical-assistance-services?year=2020,2020,662,65020,65020
Department of Agriculture and Consumer Services,https://govsalaries.com/salaries/VA/department-of-agriculture-and-consumer-services?year=2020,2020,659,42012,42012
Virginia Department of Transportation at Lynchburg District,https://govsalaries.com/salaries/VA/virginia-department-of-transportation-at-lynchburg-district?year=2020,2020,658,48138,48138
Page County Public Schools,https://govsalaries.com/salaries/VA/page-county-public-schools?year=2020,2020,652,31371,31371
Rockingham County,https://govsalaries.com/salaries/VA/rockingham-county?year=2020,2020,649,46908,46908
Town of Blacksburg,https://govsalaries.com/salaries/VA/town-of-blacksburg?year=2020,2020,622,29533,29533
Petersburg City Public Schools,https://govsalaries.com/salaries/VA/petersburg-city-public-schools?year=2020,2020,615,46293,46293
Staunton City Schools,https://govsalaries.com/salaries/VA/staunton-city-schools?year=2020,2020,608,33996,33996
Dinwiddie County Public Schools,https://govsalaries.com/salaries/VA/dinwiddie-county-public-schools?year=2020,2020,607,45036,45036
Virginia Military Institute,https://govsalaries.com/salaries/VA/virginia-military-institute?year=2020,2020,604,56308,56308
Southampton County Public Schools,https://govsalaries.com/salaries/VA/southampton-county-public-schools?year=2020,2020,599,27619,27619
Nottoway Correctional Center,https://govsalaries.com/salaries/VA/nottoway-correctional-center?year=2020,2020,594,33298,33298
Louisa County,https://govsalaries.com/salaries/VA/louisa-county?year=2020,2020,591,23096,23096
City of Manassas,https://govsalaries.com/salaries/VA/city-of-manassas?year=2020,2020,585,62719,62719
Montgomery County,https://govsalaries.com/salaries/VA/montgomery-county?year=2020,2020,583,38436,38436
Virginia Department of Transportation at Fredericksburg District,https://govsalaries.com/salaries/VA/virginia-department-of-transportation-at-fredericksburg-district?year=2020,2020,574,52895,52895
Department of Behavioral Health and Developmental Services,https://govsalaries.com/salaries/VA/department-of-behavioral-health-and-developmental-services?year=2020,2020,569,66686,66686
City of Petersburg,https://govsalaries.com/salaries/VA/city-of-petersburg?year=2020,2020,558,48191,48191
Red Onion State Prison,https://govsalaries.com/salaries/VA/red-onion-state-prison?year=2020,2020,549,34851,34851
Augusta County,https://govsalaries.com/salaries/VA/augusta-county?year=2020,2020,547,37785,37785
Town of Christiansburg,https://govsalaries.com/salaries/VA/town-of-christiansburg?year=2020,2020,545,36534,36534
Southwest Virginia Regional Jail Authority,https://govsalaries.com/salaries/VA/southwest-virginia-regional-jail-authority?year=2020,2020,543,30883,30883
Falls Church City Public Schools,https://govsalaries.com/salaries/VA/falls-church-city-public-schools?year=2020,2020,541,61582,61582
Virginia Department of Transportation at Culpeper District,https://govsalaries.com/salaries/VA/virginia-department-of-transportation-at-culpeper-district?year=2020,2020,536,53191,53191
City of Salem,https://govsalaries.com/salaries/VA/city-of-salem?year=2020,2020,536,49373,49373
Fluvanna Correctional Center for Women,https://govsalaries.com/salaries/VA/fluvanna-correctional-center-for-women?year=2020,2020,527,36169,36169
Wallens Ridge State Prison,https://govsalaries.com/salaries/VA/wallens-ridge-state-prison?year=2020,2020,517,36980,36980
Waynesboro Public Schools,https://govsalaries.com/salaries/VA/waynesboro-public-schools?year=2020,2020,514,41845,41845
King George County,https://govsalaries.com/salaries/VA/king-george-county?year=2020,2020,513,29628,29628
Dinwiddie County,https://govsalaries.com/salaries/VA/dinwiddie-county?year=2020,2020,513,25473,25473
Haynesville Correctional Center,https://govsalaries.com/salaries/VA/haynesville-correctional-center?year=2020,2020,504,34760,34760
Virginia Correctional Center for Women,https://govsalaries.com/salaries/VA/virginia-correctional-center-for-women?year=2020,2020,500,28754,28754
Central Virginia Community College,https://govsalaries.com/salaries/VA/central-virginia-community-college?year=2020,2020,500,25066,25066
Department of Game and Inland Fisheries,https://govsalaries.com/salaries/VA/department-of-game-and-inland-fisheries?year=2020,2020,500,52936,52936
Blue Ridge Community College,https://govsalaries.com/salaries/VA/blue-ridge-community-college?year=2020,2020,495,27017,27017
Piedmont Geriatric Hospital,https://govsalaries.com/salaries/VA/piedmont-geriatric-hospital?year=2020,2020,494,35382,35382
Nelson County Public Schools,https://govsalaries.com/salaries/VA/nelson-county-public-schools?year=2020,2020,491,26316,26316
Southwest Virginia Community College,https://govsalaries.com/salaries/VA/southwest-virginia-community-college?year=2020,2020,490,21433,21433
Buckingham Correctional Center,https://govsalaries.com/salaries/VA/buckingham-correctional-center?year=2020,2020,489,33339,33339
Sussex I State Prison,https://govsalaries.com/salaries/VA/sussex-i-state-prison?year=2020,2020,488,31127,31127
Deerfield Correctional Center,https://govsalaries.com/salaries/VA/deerfield-correctional-center?year=2020,2020,488,36641,36641
Senate of Virginia,https://govsalaries.com/salaries/VA/senate-of-virginia?year=2020,2020,488,23988,23988
Northern Virginia Mental Health Institute,https://govsalaries.com/salaries/VA/northern-virginia-mental-health-institute?year=2020,2020,470,55876,55876
Campbell County,https://govsalaries.com/salaries/VA/campbell-county?year=2020,2020,470,39907,39907
Patrick Henry Community College,https://govsalaries.com/salaries/VA/patrick-henry-community-college?year=2020,2020,467,28176,28176
City of Colonial Heights,https://govsalaries.com/salaries/VA/city-of-colonial-heights?year=2020,2020,460,33587,33587
New Kent County Public Schools,https://govsalaries.com/salaries/VA/new-kent-county-public-schools?year=2020,2020,459,43436,43436
City of Waynesboro,https://govsalaries.com/salaries/VA/city-of-waynesboro?year=2020,2020,447,37731,37731
Virginia Veterans Care Center,https://govsalaries.com/salaries/VA/virginia-veterans-care-center?year=2020,2020,444,26084,26084
Virginia Retirement System,https://govsalaries.com/salaries/VA/virginia-retirement-system?year=2020,2020,436,88288,88288
Rockbridge County,https://govsalaries.com/salaries/VA/rockbridge-county?year=2020,2020,436,20995,20995
Office of Attorney General,https://govsalaries.com/salaries/VA/office-of-attorney-general?year=2020,2020,433,71376,71376
Rockbridge County Public Schools,https://govsalaries.com/salaries/VA/rockbridge-county-public-schools?year=2020,2020,431,43933,43933
Culpeper County,https://govsalaries.com/salaries/VA/culpeper-county?year=2020,2020,429,21609,21609
Sussex II State Prison,https://govsalaries.com/salaries/VA/sussex-ii-state-prison?year=2020,2020,426,34090,34090
Catawba Hospital,https://govsalaries.com/salaries/VA/catawba-hospital?year=2020,2020,424,37461,37461
Poquoson City Public Schools,https://govsalaries.com/salaries/VA/poquoson-city-public-schools?year=2020,2020,423,31484,31484
Pulaski County,https://govsalaries.com/salaries/VA/pulaski-county?year=2020,2020,422,27872,27872
Dillwyn Correctional Center,https://govsalaries.com/salaries/VA/dillwyn-correctional-center?year=2020,2020,422,36440,36440
Augusta Correctional Center,https://govsalaries.com/salaries/VA/augusta-correctional-center?year=2020,2020,421,35323,35323
Sitter and Barfoot Veterans Care Center,https://govsalaries.com/salaries/VA/sitter-and-barfoot-veterans-care-center?year=2020,2020,420,38634,38634
Grayson County Correctional Center,https://govsalaries.com/salaries/VA/grayson-county-correctional-center?year=2020,2020,419,34363,34363
Rappahannock Community College,https://govsalaries.com/salaries/VA/rappahannock-community-college?year=2020,2020,415,22810,22810
Southside Virginia Community College,https://govsalaries.com/salaries/VA/southside-virginia-community-college?year=2020,2020,415,25590,25590
Caroline County,https://govsalaries.com/salaries/VA/caroline-county?year=2020,2020,414,37997,37997
Shenandoah County,https://govsalaries.com/salaries/VA/shenandoah-county?year=2020,2020,414,34714,34714
Southeastern Virginia Training Center,https://govsalaries.com/salaries/VA/southeastern-virginia-training-center?year=2020,2020,412,32543,32543
Department of Education,https://govsalaries.com/salaries/VA/department-of-education?year=2020,2020,412,64784,64784
Isle of Wight County,https://govsalaries.com/salaries/VA/isle-of-wight-county?year=2020,2020,397,36950,36950
Keen Mountain Correctional Center,https://govsalaries.com/salaries/VA/keen-mountain-correctional-center?year=2020,2020,393,33152,33152
Jamestown-Yorktown Foundation,https://govsalaries.com/salaries/VA/jamestown-yorktown-foundation?year=2020,2020,391,20573,20573
Floyd County Public Schools,https://govsalaries.com/salaries/VA/floyd-county-public-schools?year=2020,2020,391,2824,2824
New River Community College,https://govsalaries.com/salaries/VA/new-river-community-college?year=2020,2020,390,29576,29576
Appomattox County Public Schools,https://govsalaries.com/salaries/VA/appomattox-county-public-schools?year=2020,2020,390,33158,33158
Virginia Highlands Community College,https://govsalaries.com/salaries/VA/virginia-highlands-community-college?year=2020,2020,385,21297,21297
Department of Fire Programs,https://govsalaries.com/salaries/VA/department-of-fire-programs?year=2020,2020,381,13605,13605
Department of Human Resource Management,https://govsalaries.com/salaries/VA/department-of-human-resource-management?year=2020,2020,380,44613,44613
Department of Forensic Science,https://govsalaries.com/salaries/VA/department-of-forensic-science?year=2020,2020,376,66935,66935
City of Manassas Park,https://govsalaries.com/salaries/VA/city-of-manassas-park?year=2020,2020,373,32847,32847
City of Hopewell,https://govsalaries.com/salaries/VA/city-of-hopewell?year=2020,2020,369,54592,54592
Green Rock Correctional Center,https://govsalaries.com/salaries/VA/green-rock-correctional-center?year=2020,2020,369,34557,34557
Lunenburg Correctional Center,https://govsalaries.com/salaries/VA/lunenburg-correctional-center?year=2020,2020,367,32149,32149
Mountain Empire Community College,https://govsalaries.com/salaries/VA/mountain-empire-community-college?year=2020,2020,366,24931,24931
City of Staunton,https://govsalaries.com/salaries/VA/city-of-staunton?year=2020,2020,362,48836,48836
City of Radford,https://govsalaries.com/salaries/VA/city-of-radford?year=2020,2020,356,37047,37047
Virginia Department For The Blind and Vision Impaired,https://govsalaries.com/salaries/VA/virginia-department-for-the-blind-and-vision-impaired?year=2020,2020,356,39328,39328
Danville Community College,https://govsalaries.com/salaries/VA/danville-community-college?year=2020,2020,355,25413,25413
Coffeewood Correctional Center,https://govsalaries.com/salaries/VA/coffeewood-correctional-center?year=2020,2020,354,36110,36110
St. Brides Correctional Center,https://govsalaries.com/salaries/VA/st-brides-correctional-center?year=2020,2020,354,33668,33668
Virginia Lottery,https://govsalaries.com/salaries/VA/virginia-lottery?year=2020,2020,354,70644,70644
Pocahontas State Correctional Center,https://govsalaries.com/salaries/VA/pocahontas-state-correctional-center?year=2020,2020,349,33897,33897
Department of Health Professions,https://govsalaries.com/salaries/VA/department-of-health-professions?year=2020,2020,347,53768,53768
School District of Prince Edward County,https://govsalaries.com/salaries/VA/school-district-of-prince-edward-county?year=2020,2020,345,39205,39205
Prince William County Service Authority,https://govsalaries.com/salaries/VA/prince-william-county-service-authority?year=2020,2020,342,79245,79245
Gloucester County,https://govsalaries.com/salaries/VA/gloucester-county?year=2020,2020,341,50081,50081
Pittsylvania County,https://govsalaries.com/salaries/VA/pittsylvania-county?year=2020,2020,337,42748,42748
Nottoway County Public Schools,https://govsalaries.com/salaries/VA/nottoway-county-public-schools?year=2020,2020,334,38562,38562
Loudoun Water,https://govsalaries.com/salaries/VA/loudoun-water?year=2020,2020,332,81287,81287
Bland Correctional Center,https://govsalaries.com/salaries/VA/bland-correctional-center?year=2020,2020,330,34381,34381
University of Virginia's College at Wise,https://govsalaries.com/salaries/VA/university-of-virginia-s-college-at-wise?year=2020,2020,329,52422,52422
City of Martinsville,https://govsalaries.com/salaries/VA/city-of-martinsville?year=2020,2020,324,45569,45569
Brunswick County Public Schools,https://govsalaries.com/salaries/VA/brunswick-county-public-schools?year=2020,2020,320,36083,36083
Wise County,https://govsalaries.com/salaries/VA/wise-county?year=2020,2020,317,34520,34520
Rappahannock Regional Jail Authority,https://govsalaries.com/salaries/VA/rappahannock-regional-jail-authority?year=2020,2020,316,50414,50414
Town of Wytheville,https://govsalaries.com/salaries/VA/town-of-wytheville?year=2020,2020,316,22473,22473
Western Virginia Water Authority,https://govsalaries.com/salaries/VA/western-virginia-water-authority?year=2020,2020,311,45081,45081
Wytheville Community College,https://govsalaries.com/salaries/VA/wytheville-community-college?year=2020,2020,306,24715,24715
Grayson County,https://govsalaries.com/salaries/VA/grayson-county?year=2020,2020,306,19043,19043
Prince George County,https://govsalaries.com/salaries/VA/prince-george-county?year=2020,2020,302,50541,50541
New River Valley Regional Jail,https://govsalaries.com/salaries/VA/new-river-valley-regional-jail?year=2020,2020,301,32340,32340
Carroll County,https://govsalaries.com/salaries/VA/carroll-county?year=2020,2020,301,28883,28883
Indian Creek Correctional Center,https://govsalaries.com/salaries/VA/indian-creek-correctional-center?year=2020,2020,300,35617,35617
Wilson Workforce and Rehabilitation Center,https://govsalaries.com/salaries/VA/wilson-workforce-and-rehabilitation-center?year=2020,2020,298,37745,37745
Virginia Department of Veterans Services,https://govsalaries.com/salaries/VA/virginia-department-of-veterans-services?year=2020,2020,297,43528,43528
Commonwealth Center for Children and Adolescents,https://govsalaries.com/salaries/VA/commonwealth-center-for-children-and-adolescents?year=2020,2020,297,31773,31773
Tazewell County,https://govsalaries.com/salaries/VA/tazewell-county?year=2020,2020,294,31018,31018
Warren County,https://govsalaries.com/salaries/VA/warren-county?year=2020,2020,294,43600,43600
Virginia Workers' Compensation Commission,https://govsalaries.com/salaries/VA/virginia-workers-compensation-commission?year=2020,2020,293,68057,68057
Franklin City Public Schools,https://govsalaries.com/salaries/VA/franklin-city-public-schools?year=2020,2020,286,39415,39415
Marion Correctional Treatment Center,https://govsalaries.com/salaries/VA/marion-correctional-treatment-center?year=2020,2020,282,40460,40460
Richard Bland College,https://govsalaries.com/salaries/VA/richard-bland-college?year=2020,2020,279,29645,29645
Amherst County,https://govsalaries.com/salaries/VA/amherst-county?year=2020,2020,270,41111,41111
Page County,https://govsalaries.com/salaries/VA/page-county?year=2020,2020,266,40106,40106
Hiram W Davis Medical Center,https://govsalaries.com/salaries/VA/hiram-w-davis-medical-center?year=2020,2020,263,41602,41602
Madison County Public Schools,https://govsalaries.com/salaries/VA/madison-county-public-schools?year=2020,2020,262,42020,42020
Virginia Community College System,https://govsalaries.com/salaries/VA/virginia-community-college-system?year=2020,2020,261,73878,73878
City of Franklin,https://govsalaries.com/salaries/VA/city-of-franklin?year=2020,2020,252,36606,36606
Southern Virginia Mental Health Institute,https://govsalaries.com/salaries/VA/southern-virginia-mental-health-institute?year=2020,2020,246,41274,41274
Paul D Camp Community College,https://govsalaries.com/salaries/VA/paul-d-camp-community-college?year=2020,2020,243,21660,21660
Amelia County Public Schools,https://govsalaries.com/salaries/VA/amelia-county-public-schools?year=2020,2020,242,39916,39916
Smyth County,https://govsalaries.com/salaries/VA/smyth-county?year=2020,2020,241,25771,25771
Fluvanna County,https://govsalaries.com/salaries/VA/fluvanna-county?year=2020,2020,240,35759,35759
Accomack County,https://govsalaries.com/salaries/VA/accomack-county?year=2020,2020,233,45696,45696
Orange County,https://govsalaries.com/salaries/VA/orange-county?year=2020,2020,232,51791,51791
Virginia Information Technologies Agency,https://govsalaries.com/salaries/VA/virginia-information-technologies-agency?year=2020,2020,232,91939,91939
Essex County Public Schools,https://govsalaries.com/salaries/VA/essex-county-public-schools?year=2020,2020,232,38382,38382
Clarke County,https://govsalaries.com/salaries/VA/clarke-county?year=2020,2020,231,27903,27903
Goochland County,https://govsalaries.com/salaries/VA/goochland-county?year=2020,2020,227,57073,57073
Department of Emergency Management,https://govsalaries.com/salaries/VA/department-of-emergency-management?year=2020,2020,226,48968,48968
Town of Culpeper,https://govsalaries.com/salaries/VA/town-of-culpeper?year=2020,2020,225,52262,52262
King William County,https://govsalaries.com/salaries/VA/king-william-county?year=2020,2020,223,24136,24136
Halifax County,https://govsalaries.com/salaries/VA/halifax-county?year=2020,2020,223,28271,28271
Dabney S. Lancaster Community College,https://govsalaries.com/salaries/VA/dabney-s-lancaster-community-college?year=2020,2020,219,22204,22204
Virginia Port Authority,https://govsalaries.com/salaries/VA/virginia-port-authority?year=2020,2020,218,91666,91666
Town of Vienna,https://govsalaries.com/salaries/VA/town-of-vienna?year=2020,2020,217,70776,70776
City of Poquoson,https://govsalaries.com/salaries/VA/city-of-poquoson?year=2020,2020,216,38225,38225
Department of Professional and Occupational Regulation,https://govsalaries.com/salaries/VA/department-of-professional-and-occupational-regulation?year=2020,2020,214,51145,51145
Northumberland County Public Schools,https://govsalaries.com/salaries/VA/northumberland-county-public-schools?year=2020,2020,213,41919,41919
Essex County,https://govsalaries.com/salaries/VA/essex-county?year=2020,2020,211,24190,24190
City of Galax,https://govsalaries.com/salaries/VA/city-of-galax?year=2020,2020,209,38027,38027
Powhatan County,https://govsalaries.com/salaries/VA/powhatan-county?year=2020,2020,205,46747,46747
City of Williamsburg,https://govsalaries.com/salaries/VA/city-of-williamsburg?year=2020,2020,200,57964,57964
King and Queen County Public Schools,https://govsalaries.com/salaries/VA/king-and-queen-county-public-schools?year=2020,2020,200,29013,29013
Virginia School For The Deaf and Blind,https://govsalaries.com/salaries/VA/virginia-school-for-the-deaf-and-blind?year=2020,2020,196,33165,33165
Bath County Public Schools,https://govsalaries.com/salaries/VA/bath-county-public-schools?year=2020,2020,195,28885,28885
Russell County,https://govsalaries.com/salaries/VA/russell-county?year=2020,2020,195,30770,30770
Surry County Public Schools,https://govsalaries.com/salaries/VA/surry-county-public-schools?year=2020,2020,191,43072,43072
Lancaster County,https://govsalaries.com/salaries/VA/lancaster-county?year=2020,2020,189,28489,28489
Brunswick County,https://govsalaries.com/salaries/VA/brunswick-county?year=2020,2020,188,34761,34761
Northampton County,https://govsalaries.com/salaries/VA/northampton-county?year=2020,2020,188,43294,43294
Charlotte County,https://govsalaries.com/salaries/VA/charlotte-county?year=2020,2020,186,28337,28337
Central Virginia Regional Jail,https://govsalaries.com/salaries/VA/central-virginia-regional-jail?year=2020,2020,183,38995,38995
Department of Labor and Industry,https://govsalaries.com/salaries/VA/department-of-labor-and-industry?year=2020,2020,182,50423,50423
Craig County Public Schools,https://govsalaries.com/salaries/VA/craig-county-public-schools?year=2020,2020,180,24349,24349
Lee County,https://govsalaries.com/salaries/VA/lee-county?year=2020,2020,180,21960,21960
City of Covington,https://govsalaries.com/salaries/VA/city-of-covington?year=2020,2020,180,27203,27203
Mecklenburg County,https://govsalaries.com/salaries/VA/mecklenburg-county?year=2020,2020,179,44609,44609
Scott County,https://govsalaries.com/salaries/VA/scott-county?year=2020,2020,178,38061,38061
Nottoway County,https://govsalaries.com/salaries/VA/nottoway-county?year=2020,2020,178,23456,23456
Norton City Schools,https://govsalaries.com/salaries/VA/norton-city-schools?year=2020,2020,177,23068,23068
"Department of Mines, Minerals and Energy",https://govsalaries.com/salaries/VA/department-of-mines-minerals-and-energy?year=2020,2020,177,70125,70125
Virginia Correctional Enterprises,https://govsalaries.com/salaries/VA/virginia-correctional-enterprises?year=2020,2020,177,50610,50610
Floyd County,https://govsalaries.com/salaries/VA/floyd-county?year=2020,2020,177,36578,36578
Sussex County,https://govsalaries.com/salaries/VA/sussex-county?year=2020,2020,175,34255,34255
Central Virginia Training Center,https://govsalaries.com/salaries/VA/central-virginia-training-center?year=2020,2020,172,24128,24128
Dickenson County,https://govsalaries.com/salaries/VA/dickenson-county?year=2020,2020,171,26345,26345
Baskerville Correctional Center,https://govsalaries.com/salaries/VA/baskerville-correctional-center?year=2020,2020,169,37641,37641
Western Regional Correctional Unit,https://govsalaries.com/salaries/VA/western-regional-correctional-unit?year=2020,2020,166,36090,36090
Eastern Shore Community College,https://govsalaries.com/salaries/VA/eastern-shore-community-college?year=2020,2020,165,20199,20199
Marine Resources Commission,https://govsalaries.com/salaries/VA/marine-resources-commission?year=2020,2020,164,51205,51205
Marine Resources Commission,https://govsalaries.com/salaries/VA/marine-resources-commission?year=2020,2020,164,51205,51205
The Library of Virginia,https://govsalaries.com/salaries/VA/the-library-of-virginia?year=2020,2020,164,45034,45034
Richmond County,https://govsalaries.com/salaries/VA/richmond-county?year=2020,2020,162,23710,23710
Department of Accounts,https://govsalaries.com/salaries/VA/department-of-accounts?year=2020,2020,161,76722,76722
Western Tidewater Regional Jail,https://govsalaries.com/salaries/VA/western-tidewater-regional-jail?year=2020,2020,157,44052,44052
Wythe County,https://govsalaries.com/salaries/VA/wythe-county?year=2020,2020,155,39601,39601
Department of Criminal Justice Services,https://govsalaries.com/salaries/VA/department-of-criminal-justice-services?year=2020,2020,152,57294,57294
Jefferson-Madison Regional Library,https://govsalaries.com/salaries/VA/jefferson-madison-regional-library?year=2020,2020,150,25317,25317
Southeastern Public Service Authority,https://govsalaries.com/salaries/VA/southeastern-public-service-authority?year=2020,2020,149,44129,44129
Mathews County,https://govsalaries.com/salaries/VA/mathews-county?year=2020,2020,149,20977,20977
Prince Edward County,https://govsalaries.com/salaries/VA/prince-edward-county?year=2020,2020,145,29947,29947
Town of Warrenton,https://govsalaries.com/salaries/VA/town-of-warrenton?year=2020,2020,144,54747,54747
Town of Richlands,https://govsalaries.com/salaries/VA/town-of-richlands?year=2020,2020,144,26734,26734
Northern Virginia Regional Park Authority,https://govsalaries.com/salaries/VA/northern-virginia-regional-park-authority?year=2020,2020,143,61710,61710
Capitol Police,https://govsalaries.com/salaries/VA/capitol-police?year=2020,2020,143,43017,43017
Washington County,https://govsalaries.com/salaries/VA/washington-county?year=2020,2020,142,21407,21407
Virginia Cooperative Extension,https://govsalaries.com/salaries/VA/virginia-cooperative-extension?year=2020,2020,141,44779,44779
Department of Housing and Community Development,https://govsalaries.com/salaries/VA/department-of-housing-and-community-development?year=2020,2020,140,52668,52668
Science Museum of Virginia,https://govsalaries.com/salaries/VA/science-museum-of-virginia?year=2020,2020,139,26801,26801
Virginia College Savings Plan,https://govsalaries.com/salaries/VA/virginia-college-savings-plan?year=2020,2020,138,81336,81336
Auditor of Public Accounts,https://govsalaries.com/salaries/VA/auditor-of-public-accounts?year=2020,2020,136,64500,64500
City of Buena Vista,https://govsalaries.com/salaries/VA/city-of-buena-vista?year=2020,2020,134,28350,28350
Town of Tazewell,https://govsalaries.com/salaries/VA/town-of-tazewell?year=2020,2020,132,25086,25086
Northern Neck Regional Jail,https://govsalaries.com/salaries/VA/northern-neck-regional-jail?year=2020,2020,131,35199,35199
Southampton County,https://govsalaries.com/salaries/VA/southampton-county?year=2020,2020,129,47240,47240
Newport News Redevelopment and Housing Authority,https://govsalaries.com/salaries/VA/newport-news-redevelopment-and-housing-authority?year=2020,2020,129,36840,36840
City of Lexington,https://govsalaries.com/salaries/VA/city-of-lexington?year=2020,2020,128,42603,42603
Westmoreland County,https://govsalaries.com/salaries/VA/westmoreland-county?year=2020,2020,127,47177,47177
Amelia County,https://govsalaries.com/salaries/VA/amelia-county?year=2020,2020,124,34926,34926
Town of Farmville,https://govsalaries.com/salaries/VA/town-of-farmville?year=2020,2020,124,48656,48656
Town of Big Stone Gap,https://govsalaries.com/salaries/VA/town-of-big-stone-gap?year=2020,2020,124,20349,20349
Department of Treasury,https://govsalaries.com/salaries/VA/department-of-treasury?year=2020,2020,122,67321,67321
King and Queen County,https://govsalaries.com/salaries/VA/king-and-queen-county?year=2020,2020,121,22870,22870
Town of Woodstock,https://govsalaries.com/salaries/VA/town-of-woodstock?year=2020,2020,121,27234,27234
Town of Bedford,https://govsalaries.com/salaries/VA/town-of-bedford?year=2020,2020,119,43259,43259
Virginia's Community Colleges Shared Services Center,https://govsalaries.com/salaries/VA/virginia-s-community-colleges-shared-services-center?year=2020,2020,115,44909,44909
Lexington City Schools,https://govsalaries.com/salaries/VA/lexington-city-schools?year=2020,2020,114,30634,30634
Town of South Boston,https://govsalaries.com/salaries/VA/town-of-south-boston?year=2020,2020,112,34309,34309
Greene County,https://govsalaries.com/salaries/VA/greene-county?year=2020,2020,111,49447,49447
West Point Public Schools,https://govsalaries.com/salaries/VA/west-point-public-schools?year=2020,2020,111,51447,51447
City of Emporia,https://govsalaries.com/salaries/VA/city-of-emporia?year=2020,2020,110,44148,44148
Pamunkey Regional Jail,https://govsalaries.com/salaries/VA/pamunkey-regional-jail?year=2020,2020,109,52423,52423
Potomac and Rappahannock Transportation District,https://govsalaries.com/salaries/VA/potomac-and-rappahannock-transportation-district?year=2020,2020,108,83840,83840
Craig County,https://govsalaries.com/salaries/VA/craig-county?year=2020,2020,104,19308,19308
Peninsula Airport Commission,https://govsalaries.com/salaries/VA/peninsula-airport-commission?year=2020,2020,103,28687,28687
Division of Legislative Services,https://govsalaries.com/salaries/VA/division-of-legislative-services?year=2020,2020,99,61265,61265
Town of Blackstone,https://govsalaries.com/salaries/VA/town-of-blackstone?year=2020,2020,95,29436,29436
Appomattox County,https://govsalaries.com/salaries/VA/appomattox-county?year=2020,2020,94,38985,38985
Town of Altavista,https://govsalaries.com/salaries/VA/town-of-altavista?year=2020,2020,91,30583,30583
Madison County,https://govsalaries.com/salaries/VA/madison-county?year=2020,2020,90,33889,33889
Washington County Service Authority,https://govsalaries.com/salaries/VA/washington-county-service-authority?year=2020,2020,90,48726,48726
Frederick County Sanitation Authority,https://govsalaries.com/salaries/VA/frederick-county-sanitation-authority?year=2020,2020,87,49895,49895
Albemarle County Service Authority,https://govsalaries.com/salaries/VA/albemarle-county-service-authority?year=2020,2020,86,56384,56384
Bland County,https://govsalaries.com/salaries/VA/bland-county?year=2020,2020,85,29589,29589
Town of Smithfield,https://govsalaries.com/salaries/VA/town-of-smithfield?year=2020,2020,84,43908,43908
Town of Vinton,https://govsalaries.com/salaries/VA/town-of-vinton?year=2020,2020,83,40775,40775
Virginia Tourism Authority,https://govsalaries.com/salaries/VA/virginia-tourism-authority?year=2020,2020,82,65660,65660
Commercial Space Flight Authority,https://govsalaries.com/salaries/VA/commercial-space-flight-authority?year=2020,2020,82,87072,87072
Town of South Hill,https://govsalaries.com/salaries/VA/town-of-south-hill?year=2020,2020,81,41656,41656
Lunenburg County,https://govsalaries.com/salaries/VA/lunenburg-county?year=2020,2020,80,25990,25990
Lunenburg County,https://govsalaries.com/salaries/VA/lunenburg-county?year=2020,2020,80,25990,25990
Middle Peninsula Juvenile Detention Commission,https://govsalaries.com/salaries/VA/middle-peninsula-juvenile-detention-commission?year=2020,2020,80,32228,32228
Town of Chincoteague,https://govsalaries.com/salaries/VA/town-of-chincoteague?year=2020,2020,79,33354,33354
Chesapeake Redevelopment and Housing Authority,https://govsalaries.com/salaries/VA/chesapeake-redevelopment-and-housing-authority?year=2020,2020,79,30005,30005
Town of Marion,https://govsalaries.com/salaries/VA/town-of-marion?year=2020,2020,79,41099,41099
Governor's Office,https://govsalaries.com/salaries/VA/governor-s-office?year=2020,2020,78,50482,50482
Middlesex County,https://govsalaries.com/salaries/VA/middlesex-county?year=2020,2020,78,45163,45163
Handley Regional Library,https://govsalaries.com/salaries/VA/handley-regional-library?year=2020,2020,78,18255,18255
Surry County,https://govsalaries.com/salaries/VA/surry-county?year=2020,2020,77,48856,48856
Town of Wise,https://govsalaries.com/salaries/VA/town-of-wise?year=2020,2020,76,30433,30433
Middle Peninsula Regional Security Center,https://govsalaries.com/salaries/VA/middle-peninsula-regional-security-center?year=2020,2020,76,51035,51035
Cumberland County,https://govsalaries.com/salaries/VA/cumberland-county?year=2020,2020,75,39608,39608
Rappahannock County,https://govsalaries.com/salaries/VA/rappahannock-county?year=2020,2020,73,49599,49599
Piedmont Regional Education School District,https://govsalaries.com/salaries/VA/piedmont-regional-education-school-district?year=2020,2020,70,57687,57687
Charlottesville-Albemarle Technical Education Center,https://govsalaries.com/salaries/VA/charlottesville-albemarle-technical-education-center?year=2020,2020,69,26281,26281
Department of Rail and Public Transportation,https://govsalaries.com/salaries/VA/department-of-rail-and-public-transportation?year=2020,2020,69,83276,83276
Giles County,https://govsalaries.com/salaries/VA/giles-county?year=2020,2020,65,46017,46017
Southside Regional Jail,https://govsalaries.com/salaries/VA/southside-regional-jail?year=2020,2020,65,31251,31251
Virginia Peninsula Public Service Authority,https://govsalaries.com/salaries/VA/virginia-peninsula-public-service-authority?year=2020,2020,65,30261,30261
Department of Historic Resources,https://govsalaries.com/salaries/VA/department-of-historic-resources?year=2020,2020,63,47199,47199
State Council of Higher Education For Virginia,https://govsalaries.com/salaries/VA/state-council-of-higher-education-for-virginia?year=2020,2020,63,67828,67828
Buckingham County,https://govsalaries.com/salaries/VA/buckingham-county?year=2020,2020,61,49982,49982
Southern Virginia Higher Education Center,https://govsalaries.com/salaries/VA/southern-virginia-higher-education-center?year=2020,2020,60,37458,37458
Department of Elections,https://govsalaries.com/salaries/VA/department-of-elections?year=2020,2020,60,70767,70767
Frontier Culture Museum,https://govsalaries.com/salaries/VA/frontier-culture-museum?year=2020,2020,60,24485,24485
Alleghany County,https://govsalaries.com/salaries/VA/alleghany-county?year=2020,2020,59,40080,40080
Massanutten Regional Library,https://govsalaries.com/salaries/VA/massanutten-regional-library?year=2020,2020,57,21146,21146
Town of Lebanon,https://govsalaries.com/salaries/VA/town-of-lebanon?year=2020,2020,57,40178,40178
Rockbridge Regional Library,https://govsalaries.com/salaries/VA/rockbridge-regional-library?year=2020,2020,56,14718,14718
Highland County Public Schools,https://govsalaries.com/salaries/VA/highland-county-public-schools?year=2020,2020,55,38418,38418
Virginia Parole Board,https://govsalaries.com/salaries/VA/virginia-parole-board?year=2020,2020,55,32122,32122
Appomattox Regional Library,https://govsalaries.com/salaries/VA/appomattox-regional-library?year=2020,2020,53,19671,19671
Charlottesville-Albemarle Airport Authority,https://govsalaries.com/salaries/VA/charlottesville-albemarle-airport-authority?year=2020,2020,52,54974,54974
Town of Chilhowie,https://govsalaries.com/salaries/VA/town-of-chilhowie?year=2020,2020,52,27381,27381
Rockbridge Area Regional Jail Commission,https://govsalaries.com/salaries/VA/rockbridge-area-regional-jail-commission?year=2020,2020,52,34160,34160
Roanoke Valley Detention Commission,https://govsalaries.com/salaries/VA/roanoke-valley-detention-commission?year=2020,2020,51,37656,37656
Virginia Museum of Natural History,https://govsalaries.com/salaries/VA/virginia-museum-of-natural-history?year=2020,2020,50,28739,28739
Pamunkey Regional Library,https://govsalaries.com/salaries/VA/pamunkey-regional-library?year=2020,2020,50,31176,31176
Department of Planning and Budget,https://govsalaries.com/salaries/VA/department-of-planning-and-budget?year=2020,2020,49,85049,85049
Blackwater River Regional Library,https://govsalaries.com/salaries/VA/blackwater-river-regional-library?year=2020,2020,49,20866,20866
Hampton Roads Transportation District,https://govsalaries.com/salaries/VA/hampton-roads-transportation-district?year=2020,2020,48,75805,75805
Town of Mount Jackson,https://govsalaries.com/salaries/VA/town-of-mount-jackson?year=2020,2020,46,22655,22655
Highland County,https://govsalaries.com/salaries/VA/highland-county?year=2020,2020,44,34760,34760
Fairfax County Economic Development Authority,https://govsalaries.com/salaries/VA/fairfax-county-economic-development-authority?year=2020,2020,43,91380,91380
Town of Appomattox,https://govsalaries.com/salaries/VA/town-of-appomattox?year=2020,2020,43,23942,23942
Town of Stanley,https://govsalaries.com/salaries/VA/town-of-stanley?year=2020,2020,42,20295,20295
Tazewell County Public Service Authority,https://govsalaries.com/salaries/VA/tazewell-county-public-service-authority?year=2020,2020,42,38819,38819
Southwest Virginia Higher Education Center,https://govsalaries.com/salaries/VA/southwest-virginia-higher-education-center?year=2020,2020,42,29642,29642
Office of State Inspector General,https://govsalaries.com/salaries/VA/office-of-state-inspector-general?year=2020,2020,41,78636,78636
Town of Cape Charles,https://govsalaries.com/salaries/VA/town-of-cape-charles?year=2020,2020,41,42844,42844
Department of Small Business and Supplier Diversity,https://govsalaries.com/salaries/VA/department-of-small-business-and-supplier-diversity?year=2020,2020,40,71352,71352
Town of Amherst,https://govsalaries.com/salaries/VA/town-of-amherst?year=2020,2020,39,29663,29663
Blue Ridge Juvenile Detention Commission,https://govsalaries.com/salaries/VA/blue-ridge-juvenile-detention-commission?year=2020,2020,38,48941,48941
Town of Lawrenceville,https://govsalaries.com/salaries/VA/town-of-lawrenceville?year=2020,2020,37,31988,31988
City of Pearisburg,https://govsalaries.com/salaries/VA/city-of-pearisburg?year=2020,2020,37,42689,42689
Department of Department of Aviation,https://govsalaries.com/salaries/VA/department-of-department-of-aviation?year=2020,2020,37,74135,74135
Town of Crewe,https://govsalaries.com/salaries/VA/town-of-crewe?year=2020,2020,36,36017,36017
Town of New Market,https://govsalaries.com/salaries/VA/town-of-new-market?year=2020,2020,35,28402,28402
Crater Juvenile Detention Home,https://govsalaries.com/salaries/VA/crater-juvenile-detention-home?year=2020,2020,35,39441,39441
Town of Dublin,https://govsalaries.com/salaries/VA/town-of-dublin?year=2020,2020,35,30071,30071
Town of Bowling Green,https://govsalaries.com/salaries/VA/town-of-bowling-green?year=2020,2020,34,20774,20774
Town of Elkton,https://govsalaries.com/salaries/VA/town-of-elkton?year=2020,2020,34,41219,41219
Town of Appalachia,https://govsalaries.com/salaries/VA/town-of-appalachia?year=2020,2020,32,19906,19906
Joint Legislative Audit and Review Commission (Jlarc),https://govsalaries.com/salaries/VA/joint-legislative-audit-and-review-commission-jlarc?year=2020,2020,31,94604,94604
Northern Neck Technical Center,https://govsalaries.com/salaries/VA/northern-neck-technical-center?year=2020,2020,31,36806,36806
Northern Neck Regional Special Education Program,https://govsalaries.com/salaries/VA/northern-neck-regional-special-education-program?year=2020,2020,30,28470,28470
Town of Clarksville,https://govsalaries.com/salaries/VA/town-of-clarksville?year=2020,2020,30,38910,38910
Town of St. Paul,https://govsalaries.com/salaries/VA/town-of-st-paul?year=2020,2020,30,31714,31714
Virginia Racing Commission,https://govsalaries.com/salaries/VA/virginia-racing-commission?year=2020,2020,30,15515,15515
Town of Onancock,https://govsalaries.com/salaries/VA/town-of-onancock?year=2020,2020,29,24055,24055
Appomattox River Water Authority,https://govsalaries.com/salaries/VA/appomattox-river-water-authority?year=2020,2020,29,58243,58243
New College Institute,https://govsalaries.com/salaries/VA/new-college-institute?year=2020,2020,29,35799,35799
Lynchburg Redevelopment and Housing Authority,https://govsalaries.com/salaries/VA/lynchburg-redevelopment-and-housing-authority?year=2020,2020,29,37524,37524
Motor Vehicle Dealer Board,https://govsalaries.com/salaries/VA/motor-vehicle-dealer-board?year=2020,2020,29,48327,48327
Secretary of The Commonwealth,https://govsalaries.com/salaries/VA/secretary-of-the-commonwealth?year=2020,2020,29,41209,41209
Town of Kenbridge,https://govsalaries.com/salaries/VA/town-of-kenbridge?year=2020,2020,28,22759,22759
Smyth-Bland Regional Library,https://govsalaries.com/salaries/VA/smyth-bland-regional-library?year=2020,2020,28,17314,17314
Town of Rural Retreat,https://govsalaries.com/salaries/VA/town-of-rural-retreat?year=2020,2020,27,15516,15516
New River Valley Juvenile Detention Home Commission,https://govsalaries.com/salaries/VA/new-river-valley-juvenile-detention-home-commission?year=2020,2020,26,34497,34497
Hopewell Redevelopment and Housing Authority,https://govsalaries.com/salaries/VA/hopewell-redevelopment-and-housing-authority?year=2020,2020,26,35918,35918
New River Valley Juvenile Detention Home Commission,https://govsalaries.com/salaries/VA/new-river-valley-juvenile-detention-home-commission?year=2020,2020,26,34497,34497
Town of Exmore,https://govsalaries.com/salaries/VA/town-of-exmore?year=2020,2020,26,33826,33826
Town of Clintwood,https://govsalaries.com/salaries/VA/town-of-clintwood?year=2020,2020,25,24887,24887
Central Virginia Regional Library,https://govsalaries.com/salaries/VA/central-virginia-regional-library?year=2020,2020,25,16408,16408
Shenandoah Valley Regional Airport Commission,https://govsalaries.com/salaries/VA/shenandoah-valley-regional-airport-commission?year=2020,2020,25,32904,32904
Town of Louisa,https://govsalaries.com/salaries/VA/town-of-louisa?year=2020,2020,25,38105,38105
Harrisonburg Redevelopment and Housing Authority,https://govsalaries.com/salaries/VA/harrisonburg-redevelopment-and-housing-authority?year=2020,2020,25,39777,39777
Town of Remington,https://govsalaries.com/salaries/VA/town-of-remington?year=2020,2020,25,11511,11511
Division of Legislative Automated Systems,https://govsalaries.com/salaries/VA/division-of-legislative-automated-systems?year=2020,2020,23,77935,77935
Town of Honaker,https://govsalaries.com/salaries/VA/town-of-honaker?year=2020,2020,23,18067,18067
Town of Chatham,https://govsalaries.com/salaries/VA/town-of-chatham?year=2020,2020,22,26581,26581
Town of Mineral,https://govsalaries.com/salaries/VA/town-of-mineral?year=2020,2020,22,10056,10056
Virginia Division of Debt Collections,https://govsalaries.com/salaries/VA/virginia-division-of-debt-collections?year=2020,2020,22,56049,56049
Lee County Public Service Authority,https://govsalaries.com/salaries/VA/lee-county-public-service-authority?year=2020,2020,22,34006,34006
Campbell County Utilities and Service Authority,https://govsalaries.com/salaries/VA/campbell-county-utilities-and-service-authority?year=2020,2020,21,73544,73544
Town of Windsor,https://govsalaries.com/salaries/VA/town-of-windsor?year=2020,2020,21,29857,29857
Town of Middleburg,https://govsalaries.com/salaries/VA/town-of-middleburg?year=2020,2020,21,58732,58732
Town of Broadway,https://govsalaries.com/salaries/VA/town-of-broadway?year=2020,2020,20,60389,60389
Virginia Resources Authority,https://govsalaries.com/salaries/VA/virginia-resources-authority?year=2020,2020,20,90603,90603
Town of Edinburg,https://govsalaries.com/salaries/VA/town-of-edinburg?year=2020,2020,20,17600,17600
Virginia Resources Authority,https://govsalaries.com/salaries/VA/virginia-resources-authority?year=2020,2020,20,90603,90603
Town of Waverly,https://govsalaries.com/salaries/VA/town-of-waverly?year=2020,2020,20,33200,33200
State Compensation Board,https://govsalaries.com/salaries/VA/state-compensation-board?year=2020,2020,19,52374,52374
Virginia Management Fellows Program,https://govsalaries.com/salaries/VA/virginia-management-fellows-program?year=2020,2020,19,24554,24554
Town of Rich Creek,https://govsalaries.com/salaries/VA/town-of-rich-creek?year=2020,2020,19,13907,13907
Accomack-Northampton Transportation District Commission,https://govsalaries.com/salaries/VA/accomack-northampton-transportation-district-commission?year=2020,2020,19,23646,23646
Halifax County-South Boston Regional Library,https://govsalaries.com/salaries/VA/halifax-county-south-boston-regional-library?year=2020,2020,18,15126,15126
Transportation District of Northern Virginia,https://govsalaries.com/salaries/VA/transportation-district-of-northern-virginia?year=2020,2020,17,106427,106427
Town of Boykins,https://govsalaries.com/salaries/VA/town-of-boykins?year=2020,2020,17,5077,5077
Meherrin Regional Library,https://govsalaries.com/salaries/VA/meherrin-regional-library?year=2020,2020,17,17429,17429
Town of Onley,https://govsalaries.com/salaries/VA/town-of-onley?year=2020,2020,17,20312,20312
Board of Accountancy,https://govsalaries.com/salaries/VA/board-of-accountancy?year=2020,2020,17,54036,54036
Town of Gretna,https://govsalaries.com/salaries/VA/town-of-gretna?year=2020,2020,16,40451,40451
Town of Chase City,https://govsalaries.com/salaries/VA/town-of-chase-city?year=2020,2020,15,48072,48072
Town of Hamilton,https://govsalaries.com/salaries/VA/town-of-hamilton?year=2020,2020,15,12875,12875
Town of Timberville,https://govsalaries.com/salaries/VA/town-of-timberville?year=2020,2020,15,50273,50273
Virginia Board For People With Disabilities,https://govsalaries.com/salaries/VA/virginia-board-for-people-with-disabilities?year=2020,2020,15,46702,46702
Virginia Foundation for Healthy Youth,https://govsalaries.com/salaries/VA/virginia-foundation-for-healthy-youth?year=2020,2020,15,83642,83642
Virginia Tobacco Region Revitalization Commission,https://govsalaries.com/salaries/VA/virginia-tobacco-region-revitalization-commission?year=2020,2020,15,73462,73462
Secretary of Administration,https://govsalaries.com/salaries/VA/secretary-of-administration?year=2020,2020,15,82189,82189
Governor's School for the Arts,https://govsalaries.com/salaries/VA/governor-s-school-for-the-arts?year=2020,2020,14,62323,62323
Office of Children's Services,https://govsalaries.com/salaries/VA/office-of-children-s-services?year=2020,2020,14,72569,72569
Town of Parksley,https://govsalaries.com/salaries/VA/town-of-parksley?year=2020,2020,14,16828,16828
Heritage Library,https://govsalaries.com/salaries/VA/heritage-library?year=2020,2020,14,20411,20411
"Board of Regents, Gunston Hall",https://govsalaries.com/salaries/VA/board-of-regents-gunston-hall?year=2020,2020,14,21512,21512
Jamestown-Yorktown Commemorations,https://govsalaries.com/salaries/VA/jamestown-yorktown-commemorations?year=2020,2020,13,7851,7851
Town of Ivor,https://govsalaries.com/salaries/VA/town-of-ivor?year=2020,2020,13,2469,2469
Culpeper Soil and Water Conservation District,https://govsalaries.com/salaries/VA/culpeper-soil-and-water-conservation-district?year=2020,2020,12,50641,50641
Service Authority of Roanoke River,https://govsalaries.com/salaries/VA/service-authority-of-roanoke-river?year=2020,2020,12,36632,36632
Virginia Department For The Deaf and Hard of Hearing,https://govsalaries.com/salaries/VA/virginia-department-for-the-deaf-and-hard-of-hearing?year=2020,2020,12,50033,50033
Central Virginia Waste Management Authority,https://govsalaries.com/salaries/VA/central-virginia-waste-management-authority?year=2020,2020,12,54083,54083
Town of Urbanna,https://govsalaries.com/salaries/VA/town-of-urbanna?year=2020,2020,12,13940,13940
Northern Virginia Soil &amp; Water Conservation District,https://govsalaries.com/salaries/VA/northern-virginia-soil-water-conservation-district?year=2020,2020,11,45325,45325
Town of Stephens City,https://govsalaries.com/salaries/VA/town-of-stephens-city?year=2020,2020,11,35193,35193
Town of Brodnax,https://govsalaries.com/salaries/VA/town-of-brodnax?year=2020,2020,11,15370,15370
Commission on Virginia Alcohol Safety Action Program,https://govsalaries.com/salaries/VA/commission-on-virginia-alcohol-safety-action-program?year=2020,2020,11,56313,56313
Regional Learning Academy,https://govsalaries.com/salaries/VA/regional-learning-academy?year=2020,2020,11,29659,29659
Lee County Redevelopment and Housing Authority,https://govsalaries.com/salaries/VA/lee-county-redevelopment-and-housing-authority?year=2020,2020,10,36652,36652
Town of Floyd,https://govsalaries.com/salaries/VA/town-of-floyd?year=2020,2020,10,23182,23182
Town of Fries,https://govsalaries.com/salaries/VA/town-of-fries?year=2020,2020,10,58551,58551
Town of Troutville,https://govsalaries.com/salaries/VA/town-of-troutville?year=2020,2020,10,12287,12287
Town of Fries,https://govsalaries.com/salaries/VA/town-of-fries?year=2020,2020,10,58551,58551
Town of Buchanan,https://govsalaries.com/salaries/VA/town-of-buchanan?year=2020,2020,9,30951,30951
Town of Boydton,https://govsalaries.com/salaries/VA/town-of-boydton?year=2020,2020,8,32750,32750
Town of Haymarket,https://govsalaries.com/salaries/VA/town-of-haymarket?year=2020,2020,8,74558,74558
Town of Washington,https://govsalaries.com/salaries/VA/town-of-washington?year=2020,2020,8,6796,6796
Town of Drakes Branch,https://govsalaries.com/salaries/VA/town-of-drakes-branch?year=2020,2020,8,16183,16183
Town of Eastville,https://govsalaries.com/salaries/VA/town-of-eastville?year=2020,2020,8,52015,52015
Town of Boones Mill,https://govsalaries.com/salaries/VA/town-of-boones-mill?year=2020,2020,8,19016,19016
Commonwealth's Attorneys' Services Council,https://govsalaries.com/salaries/VA/commonwealth-s-attorneys-services-council?year=2020,2020,8,65975,65975
Northern Neck Soil and Water Conservation District,https://govsalaries.com/salaries/VA/northern-neck-soil-and-water-conservation-district?year=2020,2020,7,48566,48566
Hanover-Caroline Soil and Water Conservation District,https://govsalaries.com/salaries/VA/hanover-caroline-soil-and-water-conservation-district?year=2020,2020,7,78509,78509
Virginia Commission For The Arts,https://govsalaries.com/salaries/VA/virginia-commission-for-the-arts?year=2020,2020,7,50453,50453
Southwestern Virginia Training Center,https://govsalaries.com/salaries/VA/southwestern-virginia-training-center?year=2020,2020,7,4885,4885
Secretary of Commerce and Trade,https://govsalaries.com/salaries/VA/secretary-of-commerce-and-trade?year=2020,2020,7,78710,78710
Secretary of Veterans and Defense Affairs,https://govsalaries.com/salaries/VA/secretary-of-veterans-and-defense-affairs?year=2020,2020,7,91120,91120
Town of Irvington,https://govsalaries.com/salaries/VA/town-of-irvington?year=2020,2020,6,16043,16043
Town of Phenix,https://govsalaries.com/salaries/VA/town-of-phenix?year=2020,2020,6,6286,6286
Secretary of Transportation,https://govsalaries.com/salaries/VA/secretary-of-transportation?year=2020,2020,6,85907,85907
Town of Scottsville,https://govsalaries.com/salaries/VA/town-of-scottsville?year=2020,2020,6,31220,31220
Town of Irvington,https://govsalaries.com/salaries/VA/town-of-irvington?year=2020,2020,6,16043,16043
Town of Wakefield,https://govsalaries.com/salaries/VA/town-of-wakefield?year=2020,2020,6,42199,42199
Town of Phenix,https://govsalaries.com/salaries/VA/town-of-phenix?year=2020,2020,6,6286,6286
Woodway Water and Sewer Authority,https://govsalaries.com/salaries/VA/woodway-water-and-sewer-authority?year=2020,2020,6,44102,44102
Town of Scottsville,https://govsalaries.com/salaries/VA/town-of-scottsville?year=2020,2020,6,31220,31220
Town of Charlotte Court House,https://govsalaries.com/salaries/VA/town-of-charlotte-court-house?year=2020,2020,5,9062,9062
Town of Claremont,https://govsalaries.com/salaries/VA/town-of-claremont?year=2020,2020,5,4845,4845
Alleghany Highlands Regional Library,https://govsalaries.com/salaries/VA/alleghany-highlands-regional-library?year=2020,2020,5,27514,27514
Lieutenant Governor's Office,https://govsalaries.com/salaries/VA/lieutenant-governor-s-office?year=2020,2020,5,45050,45050
Town of Boyce,https://govsalaries.com/salaries/VA/town-of-boyce?year=2020,2020,5,11676,11676
Secretary of Health and Human Resources,https://govsalaries.com/salaries/VA/secretary-of-health-and-human-resources?year=2020,2020,5,79463,79463
Tri-County City Soil and Water Conservation District,https://govsalaries.com/salaries/VA/tri-county-city-soil-and-water-conservation-district?year=2020,2020,5,47679,47679
Town of Cleveland,https://govsalaries.com/salaries/VA/town-of-cleveland?year=2020,2020,4,5308,5308
Town of Clinchco,https://govsalaries.com/salaries/VA/town-of-clinchco?year=2020,2020,4,8386,8386
Town of Iron Gate,https://govsalaries.com/salaries/VA/town-of-iron-gate?year=2020,2020,4,20311,20311
Blue Ridge Virtual Governor's School,https://govsalaries.com/salaries/VA/blue-ridge-virtual-governor-s-school?year=2020,2020,4,70894,70894
Secretary of Finance,https://govsalaries.com/salaries/VA/secretary-of-finance?year=2020,2020,4,128292,128292
Secretary of Natural Resources,https://govsalaries.com/salaries/VA/secretary-of-natural-resources?year=2020,2020,4,118463,118463
Peanut Soil and Water Conservation District,https://govsalaries.com/salaries/VA/peanut-soil-and-water-conservation-district?year=2020,2020,4,58494,58494
Chowan Basin Conservation District,https://govsalaries.com/salaries/VA/chowan-basin-conservation-district?year=2020,2020,3,39472,39472
James River Soil and Water Conservation District,https://govsalaries.com/salaries/VA/james-river-soil-and-water-conservation-district?year=2020,2020,3,39952,39952
Tazewell Soil and Water Conservation District,https://govsalaries.com/salaries/VA/tazewell-soil-and-water-conservation-district?year=2020,2020,3,38450,38450
Pittsylvania Soil and Water Conservation District,https://govsalaries.com/salaries/VA/pittsylvania-soil-and-water-conservation-district?year=2020,2020,3,49946,49946
Peter Francisco Soil and Water Conservation District,https://govsalaries.com/salaries/VA/peter-francisco-soil-and-water-conservation-district?year=2020,2020,3,41625,41625
Henricopolis Soil and Water Conservation District,https://govsalaries.com/salaries/VA/henricopolis-soil-and-water-conservation-district?year=2020,2020,3,45595,45595
Soil and Water Conservation District of Natural Tunnel,https://govsalaries.com/salaries/VA/soil-and-water-conservation-district-of-natural-tunnel?year=2020,2020,3,44966,44966
Secretary of Agriculture and Forestry,https://govsalaries.com/salaries/VA/secretary-of-agriculture-and-forestry?year=2020,2020,3,102191,102191
Tidewater Soil and Water Conservation District,https://govsalaries.com/salaries/VA/tidewater-soil-and-water-conservation-district?year=2020,2020,3,44211,44211
Eastern Shore Soil and Water Conservation District,https://govsalaries.com/salaries/VA/eastern-shore-soil-and-water-conservation-district?year=2020,2020,3,54600,54600
Chowan Basin Conservation District,https://govsalaries.com/salaries/VA/chowan-basin-conservation-district?year=2020,2020,3,39472,39472
Town of Montross,https://govsalaries.com/salaries/VA/town-of-montross?year=2020,2020,2,53170,53170
Alleghany Highlands Economic Development Corporation,https://govsalaries.com/salaries/VA/alleghany-highlands-economic-development-corporation?year=2020,2020,2,61406,61406
Town of Stony Creek,https://govsalaries.com/salaries/VA/town-of-stony-creek?year=2020,2020,2,3297,3297
Town of Surry,https://govsalaries.com/salaries/VA/town-of-surry?year=2020,2020,2,12487,12487
Appomattox River Soil and Water Conservation District,https://govsalaries.com/salaries/VA/appomattox-river-soil-and-water-conservation-district?year=2020,2020,2,46550,46550
Virginia Dare Soil and Water Conservation District,https://govsalaries.com/salaries/VA/virginia-dare-soil-and-water-conservation-district?year=2020,2020,2,60348,60348
Virginia Israel Advisory Board,https://govsalaries.com/salaries/VA/virginia-israel-advisory-board?year=2020,2020,2,58079,58079
Town of Fincastle,https://govsalaries.com/salaries/VA/town-of-fincastle?year=2020,2020,2,30000,30000
Lonesome Pine Soil and Water Conservation District,https://govsalaries.com/salaries/VA/lonesome-pine-soil-and-water-conservation-district?year=2020,2020,2,47292,47292
Big Sandy Soil and Water Conservation District,https://govsalaries.com/salaries/VA/big-sandy-soil-and-water-conservation-district?year=2020,2020,2,28653,28653
Industrial Development Authority of Brunswick County,https://govsalaries.com/salaries/VA/industrial-development-authority-of-brunswick-county?year=2020,2020,2,82143,82143
Virginia Israel Advisory Board,https://govsalaries.com/salaries/VA/virginia-israel-advisory-board?year=2020,2020,2,58079,58079
Virginia Veterans Services Foundation,https://govsalaries.com/salaries/VA/virginia-veterans-services-foundation?year=2020,2020,2,48613,48613
Town of The Plains,https://govsalaries.com/salaries/VA/town-of-the-plains?year=2020,2020,1,32000,32000
Project Return Fluvanna County,https://govsalaries.com/salaries/VA/project-return-fluvanna-county?year=2020,2020,1,51005,51005
Virginia Department of Accounts - Transfer Payments,https://govsalaries.com/salaries/VA/virginia-department-of-accounts-transfer-payments?year=2020,2020,1,118758,118758
Town of Dillwyn,https://govsalaries.com/salaries/VA/town-of-dillwyn?year=2020,2020,1,25400,25400
Town of Port Royal,https://govsalaries.com/salaries/VA/town-of-port-royal?year=2020,2020,1,24000,24000
